date,AK,AL,AR,AZ,CA,CO,CT,DC,DE,FL,GA,HI,IA,ID,IL,IN,KS,KY,LA,MA,MD,ME,MI,MN,MO,MS,MT,NC,ND,NE,NH,NJ,NM,NV,NY,OH,OK,OR,PA,RI,SC,SD,TN,TX,UT,VA,VT,WA,WI,WV,WY
2020-11-20,127,1329,928,1835,5497,1723,848,126,170,3439,2139,77,1447,389,6111,3077,1048,1544,972,904,1207,90,3887,1784,2734,965,506,1571,395,983,108,2505,808,1283,2348,3936,1428,458,3162,288,808,574,2260,8164,554,1510,22,715,2076,402,219
2020-11-19,139,1315,891,1796,5319,1593,840,127,165,3380,2142,77,1516,389,6037,3063,1039,1550,929,917,1192,88,3824,1751,2588,926,482,1538,387,961,98,2471,774,1288,2276,3829,1381,497,2952,298,815,578,2236,7982,553,1569,18,651,2104,415,209
2020-11-18,147,1303,893,1700,5078,1593,816,127,153,3352,2091,82,1527,376,5953,3040,1039,1553,886,885,1144,85,3792,1706,2453,948,463,1537,384,978,91,2446,776,1246,2202,3716,1434,484,2904,284,830,593,2209,7958,564,1469,18,631,2217,429,210
2020-11-17,136,1289,902,1624,4885,1543,777,112,153,3369,2102,83,1510,376,5887,2951,551,1521,874,835,1046,73,3752,1669,2454,868,456,1501,399,938,77,2320,754,1159,2124,3648,1381,445,2737,265,800,582,2138,7841,537,1392,17,586,2278,400,204
2020-11-16,143,1262,861,1557,4559,1424,757,101,141,3243,2070,78,1392,395,5581,2768,551,1442,818,781,985,69,3580,1558,2525,807,453,1424,400,914,74,2115,738,1157,1968,3387,1247,413,2575,256,769,560,1999,7468,519,1337,20,572,2278,383,191
2020-11-15,141,1195,830,1506,4454,1417,659,104,81,3118,1978,78,1279,395,5474,2628,811,1378,753,737,938,67,3241,1424,2462,756,435,1395,400,889,69,2004,506,1025,1845,3175,1247,356,2440,256,752,553,1972,7274,502,1284,20,569,2097,365,189
2020-11-14,125,1120,799,1470,4212,1325,659,113,132,3151,2050,63,1261,395,5415,2634,811,1378,692,705,921,67,3241,1424,2447,778,435,1425,425,918,68,2000,480,1025,1788,3104,1247,356,2374,258,781,549,2083,7151,507,1312,21,608,2034,344,202
2020-11-13,113,1177,826,1381,4138,1315,659,115,130,3129,2037,69,1227,395,5362,2548,811,1358,692,687,914,66,3241,1424,2328,767,492,1423,421,905,69,1909,455,985,1737,2981,1279,356,2314,250,775,556,2019,7083,492,1296,24,550,2045,339,195
2020-11-12,113,1233,805,1368,4002,1322,617,109,126,3062,2045,73,1208,361,5258,2569,810,1311,676,661,863,62,3209,1329,2248,774,499,1279,399,885,69,1827,471,941,1677,3024,1248,342,2196,232,810,551,1973,6925,484,1313,22,495,2077,306,192
2020-11-11,117,1210,801,1360,3987,1304,584,112,126,3056,2002,77,1190,288,5042,2544,810,1189,684,659,805,49,3093,1299,2157,756,500,1246,411,860,69,1801,481,950,1628,2880,1248,345,2080,220,780,543,1904,6779,466,1265,18,495,2102,277,178
2020-11-10,120,1206,809,1289,3799,1270,548,109,127,3034,1938,72,1135,288,4742,2336,500,1189,684,618,761,49,2959,1224,2055,737,487,1230,383,820,64,1645,425,898,1548,2747,1102,337,1938,218,784,607,1815,6170,453,1174,15,458,2070,280,178
2020-11-09,119,1174,786,1232,3668,1174,496,104,119,2902,1916,75,1034,320,4409,2174,500,1133,652,588,707,49,2815,1084,2016,718,470,1169,383,794,56,1537,423,891,1444,2533,1045,318,1827,212,746,566,1705,6103,460,1127,11,433,2003,290,172
2020-11-08,119,1060,633,1185,3554,1134,402,77,116,2779,1846,75,992,320,4303,2070,693,1153,622,568,655,48,2425,1038,1965,716,458,1147,408,760,55,1439,437,826,1396,2286,1045,266,1735,212,718,546,1656,6080,437,1090,6,404,1860,288,148
2020-11-07,105,1015,633,1139,3456,1087,402,77,115,2672,1859,69,901,320,4250,2036,693,1153,644,535,632,42,2425,1038,1926,710,446,1196,374,748,49,1392,441,826,1381,2188,1045,266,1687,210,740,515,1687,6068,420,1062,4,398,1806,287,147
2020-11-06,106,1022,633,1082,3489,1041,402,79,114,2564,1848,68,912,296,4090,2001,693,1153,644,513,609,37,2425,1038,1834,695,437,1161,375,720,48,1336,402,770,1321,2170,1025,266,1597,187,767,493,1631,6070,414,1057,4,394,1787,280,147
2020-11-05,104,994,633,1100,3462,1016,380,83,113,2523,1780,57,839,296,3891,1948,567,1102,636,498,588,38,2280,931,1774,640,414,1193,366,698,44,1224,400,740,1277,2075,1055,322,1599,182,755,475,1701,5954,409,1064,7,386,1774,281,134
2020-11-04,95,1017,627,1065,3410,970,374,92,114,2489,1782,57,777,155,3761,1897,567,1066,623,502,595,36,2215,908,1632,689,407,1186,352,673,42,1213,393,696,1253,1982,1026,237,1531,169,783,483,1716,5872,401,1041,8,400,1747,269,138
2020-11-03,97,1022,652,956,3270,925,340,93,107,2486,1761,65,730,155,3594,1867,373,1037,619,485,562,31,2059,852,1631,672,389,1175,335,642,41,1133,401,695,1227,1960,974,237,1417,177,737,480,1609,5936,382,1026,3,385,1714,271,124
2020-11-02,97,967,672,918,3241,858,340,93,111,2474,1751,58,718,263,3371,1759,373,988,596,469,529,29,1966,774,1659,657,386,1146,274,613,41,1109,382,678,1151,1822,852,234,1352,170,749,402,1467,5770,366,1031,4,384,1648,254,132
2020-11-01,98,967,639,875,3193,788,329,101,102,2370,1720,58,718,263,3294,1732,512,964,598,613,523,17,1728,738,1649,673,376,1122,278,612,38,1104,365,585,1125,1687,852,211,1267,170,773,421,1437,5691,355,1012,4,386,1512,240,117
2020-10-31,94,960,652,889,3212,788,329,107,89,2297,1725,59,630,263,3228,1740,512,964,612,623,520,17,1728,738,1574,673,369,1184,309,584,42,1090,354,585,1121,1666,852,211,1259,153,789,415,1589,5696,335,1026,4,366,1502,236,120
2020-10-30,90,1013,649,900,3148,781,329,102,101,2356,1701,62,606,286,3092,1662,512,974,612,571,513,17,1728,738,1530,712,357,1196,294,528,30,1058,334,594,1085,1629,865,211,1253,152,777,403,1388,5627,338,1065,4,315,1546,240,120
2020-10-29,89,1013,647,874,3083,742,321,102,99,2347,1777,61,605,286,3030,1733,432,969,612,561,502,15,1332,867,1490,699,373,1181,287,483,30,1072,323,594,1085,1536,874,235,1229,139,800,413,1529,5587,338,1082,6,332,1453,238,109
2020-10-28,80,1013,644,871,2998,721,309,101,92,2340,1779,61,596,272,2861,1679,432,927,613,582,501,16,1332,680,1446,666,374,1193,284,436,29,1010,313,565,1085,1536,885,206,1187,136,810,412,1384,5650,316,1068,8,336,1439,226,104
2020-10-27,81,1001,660,861,3000,648,292,106,93,2316,1823,64,564,272,2758,1687,362,913,600,567,471,12,1332,658,1407,678,350,1214,283,427,31,957,307,568,1083,1456,907,215,1170,168,746,395,1374,5512,309,1081,4,317,1385,221,105
2020-10-26,50,967,634,837,2991,591,270,98,108,2258,1740,64,561,272,2638,1634,362,858,609,550,456,13,1332,614,1399,679,360,1193,256,435,25,948,289,531,1059,1406,924,214,1138,163,737,377,1228,5278,311,1048,11,308,1350,215,102
2020-10-25,58,922,618,828,2969,586,233,95,103,2219,1668,64,541,259,2605,1666,403,840,596,538,446,8,1182,584,1404,683,357,1148,272,436,23,868,287,493,1015,1338,924,197,1104,163,725,366,1094,5206,313,979,3,308,1293,214,95
2020-10-24,58,920,606,819,3007,599,233,93,103,2162,1684,71,545,259,2616,1685,403,840,620,551,455,8,1182,584,1443,683,348,1182,278,426,19,886,264,493,1045,1355,924,197,1087,163,743,356,1382,4995,319,979,4,314,1237,209,83
2020-10-23,59,888,610,815,3011,550,233,91,106,2114,1741,75,536,193,2498,1548,403,819,620,570,458,8,1182,584,1349,701,351,1181,282,389,15,874,229,493,1023,1347,956,197,1068,140,718,349,1426,5065,321,1012,3,321,1245,193,83
2020-10-22,41,864,603,848,3051,547,232,95,110,2074,1699,75,530,193,2463,1515,329,800,598,521,458,7,1182,584,1352,695,353,1205,276,400,18,852,213,520,986,1293,910,194,1042,140,766,355,1424,4931,318,1109,3,318,1202,188,81
2020-10-21,41,863,626,832,3077,532,213,96,99,2125,1736,81,534,187,2338,1484,329,794,608,519,463,7,1050,588,1415,711,345,1219,219,380,14,844,202,535,950,1252,870,183,966,130,743,332,1424,4782,338,1010,4,301,1190,188,66
2020-10-20,38,846,627,777,3104,516,217,85,107,2094,1713,96,501,187,2261,1425,285,776,586,517,464,9,1050,567,1439,664,360,1203,209,380,16,781,205,506,942,1221,821,183,918,135,697,329,1424,4588,311,937,0,289,1192,191,66
2020-10-19,65,859,604,721,3002,465,195,84,107,2057,1664,96,480,221,2096,1373,285,764,553,500,434,8,1050,532,1439,653,339,1142,205,343,16,758,183,485,934,1154,792,168,870,124,697,304,1338,4319,304,972,0,292,1172,177,68
2020-10-18,73,823,565,714,3020,445,184,78,106,2005,1654,96,475,221,2012,1387,456,691,550,483,433,11,1000,484,918,609,331,1129,210,320,17,732,171,503,913,1097,792,190,841,124,716,300,1105,4226,307,972,2,292,1090,173,51
2020-10-17,68,823,573,757,2995,428,184,84,101,2031,1622,100,461,221,2073,1358,456,691,557,500,422,11,1000,484,1431,609,324,1140,217,322,18,759,173,503,929,1079,792,190,847,125,759,295,1299,4275,313,993,3,280,1068,180,51
2020-10-16,59,859,583,747,3035,434,184,86,104,2083,1668,103,468,219,2016,1311,456,667,557,513,416,11,1000,484,1443,596,319,1148,217,323,16,728,168,469,918,1084,793,190,830,137,769,299,1281,4248,304,1002,1,274,1101,188,51
2020-10-15,60,844,587,726,3078,420,191,88,111,2119,1682,105,482,219,1932,1355,488,738,566,503,412,11,1000,445,1443,598,301,1140,207,311,18,733,150,486,897,1041,781,199,799,129,762,304,1331,4263,277,1009,6,281,1043,180,51
2020-10-14,56,834,582,711,3126,405,188,86,116,2155,1705,109,473,187,1974,1357,488,711,582,499,417,8,899,487,1413,633,292,1152,206,315,19,699,145,519,938,1042,749,202,749,131,792,303,1301,4131,269,1007,0,279,1017,180,45
2020-10-13,59,823,601,706,3060,385,172,88,112,2127,1753,103,463,187,1848,1288,355,704,573,514,402,8,899,481,1313,600,294,1103,206,299,17,649,125,505,923,1016,760,210,773,126,745,303,1245,4053,254,999,5,279,959,181,46
2020-10-12,52,856,608,667,3070,370,155,87,105,2206,1666,103,449,192,1764,1238,355,672,577,501,384,7,899,446,1313,600,291,1109,233,304,22,662,127,509,878,949,758,220,725,126,684,278,945,3870,259,965,0,262,950,168,51
2020-10-11,57,812,566,630,3103,383,134,86,108,2123,1619,103,438,192,1776,1232,469,652,563,511,393,7,862,471,1313,600,286,1046,231,305,21,619,120,519,820,887,758,212,706,125,685,266,1124,3622,274,924,0,262,872,173,54
2020-10-10,66,792,554,685,3084,365,134,99,103,2077,1646,106,450,192,1807,1180,469,652,582,531,383,7,862,471,1313,600,280,1034,219,299,21,641,130,519,826,862,758,212,732,119,728,267,1156,3628,246,943,0,264,870,173,54
2020-10-09,51,816,546,706,3186,380,134,99,104,2143,1717,111,461,191,1812,1187,469,679,582,500,391,7,862,471,1303,627,266,1065,202,293,14,666,133,502,779,849,749,212,734,112,748,267,1186,3593,261,963,0,245,876,164,54
2020-10-08,46,754,546,728,3186,356,128,100,101,2141,1742,109,449,191,1755,1110,393,701,564,484,403,7,862,457,1344,606,263,1051,214,288,14,652,119,498,754,863,697,197,687,117,716,284,1149,3556,251,933,1,256,907,168,56
2020-10-07,46,777,519,681,3204,369,138,103,89,2121,1770,115,444,151,1679,1081,352,672,552,515,391,9,687,367,1352,571,235,1028,116,262,18,601,109,495,748,814,738,197,657,107,707,273,1155,3519,233,1003,1,253,873,168,47
2020-10-06,45,764,523,665,3175,343,129,105,87,2151,1779,128,413,151,1673,1138,352,592,567,494,360,7,678,367,1249,554,216,1013,116,271,20,553,110,485,705,777,699,178,633,93,655,250,1115,3394,245,926,1,253,853,168,44
2020-10-05,45,791,516,567,3146,325,129,95,81,2118,1822,128,389,152,1631,1019,352,563,547,473,338,10,678,367,1201,554,201,971,112,249,22,507,97,441,636,657,655,184,594,92,593,241,975,3318,222,925,1,260,782,165,36
2020-10-04,51,757,499,545,3129,303,110,95,82,2040,1764,128,392,152,1521,950,352,600,518,438,320,11,678,,1135,515,191,907,100,249,23,480,91,442,618,694,655,176,603,92,599,232,900,3192,220,877,0,252,714,173,32
2020-10-03,39,738,474,605,3079,296,110,86,83,2037,1793,125,402,152,1535,911,352,600,536,416,323,11,678,,1144,515,189,921,100,232,17,485,95,442,647,702,655,176,573,94,686,215,989,3195,217,906,0,263,692,171,32
2020-10-02,41,752,473,586,3166,304,110,101,83,2056,1792,130,393,135,1678,963,352,578,536,421,323,11,678,340,1184,531,177,921,111,227,20,528,89,463,648,663,623,176,561,96,679,220,983,3227,258,890,1,263,663,164,32
2020-10-01,42,760,479,620,3205,282,107,98,78,2080,1858,140,407,135,1635,919,352,524,534,436,331,12,678,340,1185,531,178,939,106,226,15,523,86,449,612,699,610,179,558,94,709,214,999,3190,259,913,3,268,669,173,27
2020-09-30,53,776,484,560,3267,264,104,95,72,2097,1896,147,390,137,1632,975,352,541,553,438,334,13,557,340,1171,556,170,956,89,215,14,479,85,452,605,689,628,170,539,103,729,212,969,3344,243,908,3,278,683,169,24
2020-09-29,49,773,491,540,3223,268,92,93,64,2174,1937,147,376,135,1535,942,270,589,578,444,344,8,557,340,1219,564,166,950,105,214,13,443,80,446,541,672,618,173,507,103,690,211,909,3251,195,958,5,278,646,172,22
2020-09-28,43,753,491,468,3160,246,75,90,60,2122,1849,148,353,135,1491,957,270,507,563,418,315,8,557,340,1137,601,158,897,105,224,16,421,76,451,543,681,579,191,481,94,753,209,832,3201,174,890,3,268,640,168,22
2020-09-27,43,741,452,483,3129,263,76,96,60,2103,1868,150,343,135,1486,910,343,538,557,408,328,11,558,340,1125,601,148,917,96,226,20,416,66,442,541,639,579,199,462,94,734,216,830,3217,184,868,2,259,571,169,22
2020-09-26,43,709,447,509,3203,248,76,101,57,2099,1831,150,334,135,1597,910,343,538,570,354,347,8,558,340,1101,601,147,914,104,225,18,426,72,442,527,625,579,199,444,94,727,213,855,3209,191,924,1,264,574,174,22
2020-09-25,43,718,478,521,3307,248,76,101,53,2121,1891,150,330,147,1637,856,343,553,570,389,344,10,558,303,1068,609,140,903,89,231,16,405,75,460,511,595,590,199,435,94,773,194,838,3221,190,965,2,269,543,177,22
2020-09-24,43,744,450,565,3484,258,72,97,57,2169,1932,162,305,147,1713,840,313,543,575,375,349,14,558,303,1056,631,128,902,89,200,16,433,66,468,500,586,593,187,422,94,804,194,813,3204,216,982,3,262,530,173,19
2020-09-23,43,768,460,583,3557,259,73,92,61,2254,1924,181,301,130,1563,815,313,530,592,361,332,14,501,303,989,620,124,912,89,197,17,459,72,479,490,593,612,188,421,86,786,192,919,3195,190,916,2,277,509,163,21
2020-09-22,43,796,453,527,3520,230,70,95,62,2319,1960,185,285,130,1455,759,216,511,571,371,309,17,501,290,981,642,111,905,92,185,11,417,69,441,470,593,628,182,429,82,768,178,914,3207,183,940,1,277,474,164,21
2020-09-21,47,802,439,472,3459,239,68,88,53,2266,1970,185,271,146,1436,766,216,496,587,367,290,17,501,255,1022,621,108,885,87,170,11,349,71,449,468,592,522,169,418,78,764,161,789,3132,154,995,3,266,433,162,23
2020-09-20,43,780,404,472,3441,239,77,86,60,2292,1926,185,269,146,1417,754,286,496,596,364,281,16,557,248,1064,630,104,889,81,174,10,380,64,443,468,563,522,145,400,78,733,170,772,3081,187,939,2,262,407,167,16
2020-09-19,41,747,372,528,3510,237,77,85,53,2266,1944,200,282,146,1469,762,286,496,647,362,324,14,557,241,1004,630,104,882,78,185,8,412,68,443,467,585,522,145,470,75,826,153,837,3124,177,960,3,248,362,169,16
2020-09-18,36,744,381,516,3570,230,77,91,58,2383,1975,197,281,123,1481,804,286,500,647,338,347,11,557,250,1025,630,105,904,77,188,7,413,72,461,478,634,516,145,521,85,798,144,871,3172,184,945,6,248,342,175,16
2020-09-17,41,740,389,594,3621,213,75,100,66,2385,1977,210,271,123,1558,778,278,515,663,377,353,12,590,242,962,622,107,894,69,176,7,431,69,484,486,638,516,144,459,88,733,138,999,3246,170,995,2,248,347,170,16
2020-09-16,45,722,387,538,3685,248,70,91,58,2464,2030,222,291,105,1565,788,278,565,678,352,347,10,590,244,989,632,106,918,62,167,8,462,59,488,483,651,528,172,488,84,784,139,969,3249,139,1027,6,248,370,156,16
2020-09-15,44,716,389,550,3735,273,71,89,61,2574,2098,225,284,105,1584,809,192,533,667,310,371,10,590,238,1021,667,109,916,62,176,9,406,59,483,481,666,561,155,483,81,745,133,888,3311,178,1015,7,262,343,155,16
2020-09-14,37,792,378,489,3665,239,64,91,64,2637,2134,225,272,165,1431,844,192,504,664,302,347,9,590,233,1010,513,144,895,65,169,7,420,60,473,464,671,499,135,472,80,733,110,833,3391,170,1006,3,247,341,151,13
2020-09-13,35,790,381,525,3741,228,51,88,68,2631,2138,220,274,165,1422,731,140,587,680,313,351,11,627,241,971,542,145,831,62,163,7,444,59,476,464,635,499,161,463,80,752,110,820,3319,178,1012,1,254,313,147,12
2020-09-12,32,793,392,574,3848,226,51,98,66,2683,2114,220,290,165,1509,807,140,587,723,331,361,10,627,247,1040,542,144,870,56,166,6,462,67,476,467,626,499,161,470,80,806,109,941,3371,176,995,4,269,319,145,12
2020-09-11,44,811,392,577,4023,232,51,95,66,2815,2152,240,281,158,1619,809,140,549,723,330,369,10,627,253,934,545,142,938,64,178,7,483,73,476,474,650,509,161,491,80,806,98,965,3465,170,1120,4,269,326,147,12
2020-09-10,42,834,392,628,4225,240,52,87,66,2896,2169,240,302,158,1609,833,319,565,762,355,358,11,627,257,934,668,163,928,62,182,7,435,80,519,482,682,513,162,488,76,852,83,1038,3575,165,1096,5,284,304,141,12
2020-09-09,40,857,411,658,4425,226,57,93,53,3077,2099,257,322,114,1580,763,319,558,782,338,370,9,616,263,934,683,163,916,53,179,7,423,77,552,463,700,462,147,492,82,801,76,1056,3604,137,1072,5,290,302,147,12
2020-09-08,41,778,409,657,4297,218,50,85,53,3155,2215,265,326,114,1504,839,177,510,799,328,365,7,616,257,934,758,161,827,63,172,7,419,68,538,445,687,472,153,514,73,766,68,983,3701,140,1051,4,277,297,152,17
2020-09-07,36,858,399,658,4285,237,58,85,53,3157,2214,265,311,151,1484,771,177,503,787,322,362,8,616,275,934,758,163,765,68,175,7,389,65,597,413,686,472,147,496,73,787,78,953,3537,152,1061,2,277,289,149,15
2020-09-06,41,841,389,666,4226,227,58,80,62,3167,2202,265,309,151,1504,751,314,535,790,312,341,6,616,284,934,758,156,830,64,176,10,403,65,597,410,691,472,147,490,79,787,81,969,3715,152,1083,4,282,286,149,15
2020-09-05,36,818,385,702,4242,220,58,80,58,3229,2740,265,315,151,1550,771,314,535,808,325,353,5,616,279,934,758,151,831,67,174,9,389,68,597,425,717,472,147,505,82,845,86,1000,3973,152,1098,4,293,275,154,15
2020-09-04,43,880,401,742,4401,219,58,75,58,3360,2295,277,317,171,1621,865,314,574,808,333,395,9,616,274,934,789,150,955,67,162,9,466,69,611,428,727,518,147,497,76,910,89,1036,3889,144,1101,2,309,302,152,15
2020-09-03,43,872,425,745,4571,211,65,76,60,3438,2365,276,323,171,1620,856,336,568,851,312,382,9,616,272,934,812,151,858,51,172,10,504,75,631,430,742,540,133,530,68,911,76,1056,4075,137,1130,3,311,293,145,15
2020-09-02,46,959,435,752,4851,247,65,73,62,3511,2469,288,310,162,1596,887,336,589,873,308,370,11,629,297,934,856,150,858,66,162,8,514,71,675,445,746,545,139,550,78,892,77,1082,4149,147,1114,2,328,287,146,14
2020-09-01,41,990,423,729,4869,236,56,71,64,3623,2488,297,311,162,1513,848,211,552,910,320,385,9,629,294,906,798,140,946,62,161,8,463,72,643,432,777,535,132,528,81,894,78,1037,4144,145,1039,6,331,295,141,13
2020-08-31,39,1004,420,768,4829,241,52,70,58,3736,2463,272,299,181,1492,881,211,557,881,314,377,6,629,306,906,802,134,923,68,172,6,484,65,664,418,774,570,136,505,77,934,76,910,4203,143,1082,8,340,290,139,16
2020-08-30,41,969,391,757,4943,240,60,69,55,3793,2489,272,308,181,1472,883,328,570,902,290,358,7,669,315,1004,819,131,917,68,172,6,480,66,675,429,769,570,166,499,77,956,78,889,4172,134,1090,13,340,287,141,15
2020-08-29,43,986,407,812,5063,239,60,76,61,3799,2582,279,315,181,1563,880,328,570,900,305,387,8,669,313,976,819,128,965,65,168,7,437,67,675,458,791,570,166,509,80,945,79,1002,4273,139,1101,10,346,268,151,15
2020-08-28,37,1002,407,809,5267,225,60,83,57,4001,2648,286,299,176,1546,867,328,572,900,312,412,10,669,301,1007,825,121,970,70,174,8,436,72,707,478,800,559,166,526,81,979,80,1012,4422,127,1101,11,347,309,133,15
2020-08-27,43,1052,433,895,5397,213,56,83,57,4252,2129,291,305,176,1631,882,262,573,876,333,412,9,669,305,902,827,119,958,61,166,9,455,68,727,490,787,552,171,542,82,1006,75,1047,4489,134,1174,12,351,291,146,13
2020-08-26,44,1077,435,967,5537,253,57,77,50,4405,2227,270,313,160,1573,948,262,593,914,356,432,8,637,304,882,878,125,1004,53,168,8,425,71,761,492,771,533,140,537,80,1058,58,1070,4806,130,1170,14,358,344,143,17
2020-08-25,46,1097,442,999,5561,243,59,87,40,4544,2260,250,295,160,1549,987,189,593,930,327,411,8,637,312,925,920,119,1000,50,154,8,432,64,772,488,783,553,154,543,87,1025,53,1099,4907,143,1174,13,354,354,139,18
2020-08-24,43,1149,466,908,5618,243,57,85,38,4646,2350,192,275,192,1529,912,189,564,939,308,407,6,637,310,957,903,114,948,51,146,11,446,68,771,482,802,578,143,518,80,979,65,1018,5019,144,1127,11,373,337,141,20
2020-08-23,48,1093,500,969,5665,225,54,80,44,4580,2360,192,260,192,1449,894,296,590,941,315,407,4,646,301,957,982,111,898,52,139,12,411,64,825,472,777,578,173,501,80,1026,62,1009,5186,156,1155,13,371,321,139,19
2020-08-22,46,1067,492,1046,5873,258,54,81,44,4745,2361,227,268,192,1488,883,296,590,1051,315,441,4,646,316,913,982,110,996,53,140,14,376,68,825,483,792,578,173,487,87,1025,66,1100,5274,148,1154,15,371,333,138,19
2020-08-21,46,1168,509,1068,6039,236,54,78,37,4902,2408,165,293,205,1526,860,296,590,1051,322,455,7,646,296,875,997,97,1015,54,146,11,414,65,807,490,849,562,173,510,81,1079,50,1149,5566,155,1233,10,374,350,146,19
2020-08-20,51,1105,499,1070,6212,238,47,78,40,5067,2506,187,300,205,1519,921,300,638,1087,379,455,7,646,309,875,1025,101,1023,45,156,11,433,74,874,518,860,564,175,548,84,1108,53,1194,5635,157,1266,10,385,367,140,18
2020-08-19,56,1198,499,1160,6479,238,49,84,32,5298,2573,205,299,167,1519,842,300,640,1160,365,475,9,653,321,875,1073,102,1001,49,160,12,471,94,867,548,894,566,203,548,82,1168,55,1230,5974,158,1243,12,375,388,133,12
2020-08-18,47,1280,492,1167,6360,262,47,79,32,5484,2596,175,287,167,1510,849,229,622,1204,374,453,10,653,304,891,1090,97,1026,47,158,12,468,111,903,537,934,568,214,548,78,1116,68,1231,6210,183,1253,17,394,380,132,12
2020-08-17,33,1301,486,1182,6332,245,42,82,29,5631,2626,143,283,206,1544,900,229,563,1226,367,435,10,653,286,853,1081,94,980,55,146,15,472,119,869,534,933,506,206,560,80,1101,60,1139,6200,156,1173,18,391,365,134,13
2020-08-16,42,1289,478,1208,6309,240,56,79,30,5690,2603,143,271,206,1581,944,311,618,1196,372,475,9,713,290,889,1126,90,934,54,144,13,450,109,941,527,910,506,224,559,80,1161,66,1148,6267,204,1184,17,395,347,130,13
2020-08-15,36,1259,464,1282,6327,236,56,81,32,5721,2586,173,261,206,1538,922,311,618,1243,375,460,5,713,307,871,1126,90,1032,55,145,15,520,113,941,523,899,506,224,572,85,1246,63,1307,6481,186,1271,14,390,337,132,13
2020-08-14,38,1326,466,1359,6364,236,56,84,38,5893,2691,146,258,216,1612,910,311,656,1243,398,457,6,713,313,882,1107,86,1049,65,147,15,514,125,948,554,925,567,224,585,79,1296,65,1264,6632,190,1299,13,403,336,135,13
2020-08-13,46,1341,473,1411,6424,265,63,83,37,6325,2807,132,261,216,1628,991,357,658,1281,401,470,11,713,308,882,1136,101,1070,59,152,15,545,128,982,555,952,600,232,601,80,1322,56,1312,6879,206,1258,14,395,354,128,14
2020-08-12,39,1386,486,1469,6647,288,58,85,35,6551,2865,166,243,189,1525,936,357,683,1320,422,488,9,640,335,861,1148,97,1062,58,157,18,592,119,998,558,984,519,213,606,89,1366,59,1295,7028,236,1281,9,383,387,135,15
2020-08-11,39,1504,507,1574,6759,315,70,83,35,6753,2881,105,244,189,1459,964,216,667,1335,387,529,9,640,337,923,1114,77,1122,55,162,21,538,134,971,540,968,530,234,598,88,1330,57,1378,7216,208,1293,12,386,364,130,15
2020-08-10,37,1551,508,1575,6770,309,64,75,34,6948,2871,105,224,201,1481,921,216,641,1382,380,534,8,640,320,923,1074,80,1111,48,146,20,545,127,1014,535,968,594,214,591,93,1353,63,1167,7304,222,1251,11,402,414,123,15
2020-08-09,40,1449,497,1626,6849,319,65,77,36,6848,2865,105,221,201,1488,960,333,653,1383,375,525,9,694,312,895,1151,83,1109,47,147,23,483,121,976,548,952,594,204,600,93,1378,55,1290,7437,224,1200,6,400,352,124,17
2020-08-08,37,1454,523,1659,6956,346,65,80,36,6890,2878,102,229,201,1538,960,333,653,1406,386,515,9,694,309,924,1151,81,1129,49,156,24,540,127,976,573,936,594,204,634,82,1402,48,1393,7872,222,1258,8,415,338,121,17
2020-08-07,37,1403,514,1772,7277,317,65,90,37,7144,2981,117,223,242,1486,990,333,717,1406,390,528,10,694,300,930,1136,84,1123,48,151,21,551,132,1035,579,956,561,204,651,84,1415,47,1406,8065,234,1372,6,405,350,122,17
2020-08-06,42,1613,514,1879,7485,317,66,98,45,7459,3006,83,237,242,1517,1009,358,701,1457,403,535,11,694,319,966,1184,87,1147,46,148,20,754,138,1117,570,979,643,230,663,83,1492,44,1497,8302,220,1349,6,426,330,123,16
2020-08-05,38,1572,516,1945,7552,320,59,97,47,7615,3077,83,248,195,1552,923,358,620,1471,396,555,10,694,305,882,1179,79,1167,42,151,23,784,138,1148,564,1004,645,228,639,79,1469,43,1448,8455,220,1304,9,424,330,115,16
2020-08-04,33,1572,526,2024,7630,335,60,100,42,7857,3094,138,243,106,1496,980,232,638,1487,354,547,12,694,328,891,1164,70,1166,51,152,23,470,133,1146,568,1038,504,219,656,80,1458,42,1433,8674,220,1255,14,401,327,111,17
2020-08-03,38,1540,513,2017,7629,340,56,104,40,7938,3111,75,241,239,1418,904,232,612,1496,375,548,12,694,302,889,1172,69,1057,46,144,24,738,131,1152,536,1001,628,215,585,80,1401,39,1323,8819,252,1205,14,401,345,116,19
2020-08-02,39,1538,499,2147,7761,308,69,102,43,7952,3069,75,231,239,1407,873,366,602,1534,406,553,12,727,302,889,1172,72,1142,45,142,22,695,127,1165,556,1049,628,208,564,76,1427,35,1271,8969,289,1172,15,407,354,112,18
2020-08-01,37,1416,507,2226,7754,335,69,100,45,8072,3095,75,242,239,1347,977,366,602,1546,369,592,10,727,317,812,1172,71,1151,45,152,22,695,134,1165,581,1049,628,208,579,76,1453,36,1446,8969,268,1256,16,415,337,108,18
2020-07-31,40,1596,507,2302,7999,350,69,86,46,8209,3155,65,225,236,1369,865,366,597,1546,347,590,12,727,312,869,1229,71,1229,47,150,21,695,152,1159,576,1024,621,208,522,76,1516,31,1494,9336,258,1334,16,415,308,108,18
2020-07-30,45,1512,508,2348,8198,350,66,87,69,8395,3200,61,237,236,1452,831,393,587,1524,367,585,11,727,298,813,1245,69,1239,43,137,22,759,156,1145,586,1049,647,229,756,77,1563,44,1493,9296,238,1357,18,399,341,102,18
2020-07-29,45,1605,508,2424,8439,341,53,83,68,8720,3188,47,246,209,1491,837,393,571,1544,390,571,11,670,310,797,1211,59,1291,39,122,21,761,158,1110,619,1100,663,235,756,74,1596,46,1417,9595,232,1350,18,407,271,98,16
2020-07-28,44,1598,501,2564,8317,353,54,106,62,8992,3157,39,253,209,1383,907,212,584,1583,364,544,12,670,294,797,1184,62,1244,35,117,21,718,160,1147,648,1144,596,230,716,68,1575,49,1420,9593,233,1294,18,386,246,94,15
2020-07-27,38,1473,489,2626,8820,359,59,102,63,9098,3181,26,241,204,1417,835,212,609,1600,350,536,13,670,257,1057,1179,61,1169,43,109,20,695,159,1112,642,1110,625,237,704,71,1668,47,1328,10893,225,1200,13,396,250,85,17
2020-07-26,43,1512,479,2650,8820,365,71,85,57,8951,3079,29,226,204,1394,834,315,595,1557,364,540,14,680,273,1057,1172,62,1170,42,103,20,725,144,1147,637,1075,625,233,707,66,1668,48,1313,10893,251,1174,10,407,165,82,14
2020-07-25,38,1499,497,2758,8820,338,71,97,55,9035,3094,29,220,204,1438,824,315,595,1600,371,545,11,751,287,1057,1172,59,1168,39,122,27,831,148,1147,646,1054,625,233,709,66,1668,46,1414,10893,232,1201,13,407,209,80,14
2020-07-24,37,1536,497,2844,8820,357,71,97,55,9200,3135,39,230,204,1471,850,,618,1600,397,533,12,751,278,1057,1216,56,1182,37,126,26,800,161,1160,650,1085,628,233,736,66,1668,45,1460,10893,250,1250,12,386,312,76,14
2020-07-23,36,1561,480,2966,8820,356,72,91,56,9422,3157,39,232,188,1473,869,,581,1585,351,528,12,680,282,875,1207,54,1188,57,125,24,869,167,1136,706,1105,607,225,736,67,1723,50,1465,10893,249,1218,12,385,187,88,15
2020-07-22,34,1468,474,3094,8820,351,63,81,61,9475,3179,47,224,188,1456,869,,603,1581,532,505,10,680,273,875,1165,52,1137,52,118,23,873,178,1102,714,1098,630,231,735,67,1607,56,1451,10893,234,1157,14,392,167,78,13
2020-07-21,32,1549,488,3041,8681,373,62,83,58,9520,3155,46,223,188,1466,803,,532,1527,513,484,12,680,266,875,1154,49,1179,46,115,20,833,154,1095,724,1097,613,237,736,64,1593,62,1461,10848,219,1189,19,365,354,77,13
2020-07-20,29,1571,471,3084,8419,386,54,83,47,9489,3183,33,221,224,1410,805,,542,1508,483,463,12,680,247,875,1119,48,1086,47,121,17,798,154,1086,716,1065,604,233,706,61,1593,65,1368,10569,247,1158,22,354,367,77,13
2020-07-19,27,1524,453,3136,8398,397,66,91,47,9363,3036,39,214,224,1356,786,,511,1469,498,449,10,680,258,875,1129,47,1115,45,113,17,766,161,1045,722,1065,547,242,703,62,1593,63,1327,10592,296,1186,24,364,339,76,17
2020-07-18,26,1463,464,3238,8502,401,66,88,51,9144,2929,39,210,224,1360,798,,514,1413,499,448,9,680,265,875,1076,46,1154,38,105,24,800,160,1006,743,1024,547,242,699,62,1593,70,1378,10658,251,1166,25,348,315,74,16
2020-07-17,32,1433,464,3466,8450,394,66,87,55,8961,2902,39,210,153,1431,815,,452,1413,515,434,12,680,252,875,1076,45,1180,36,96,24,868,166,1000,765,1016,604,242,680,62,1593,61,1436,10632,256,1171,33,379,331,69,19
2020-07-16,32,1395,470,3454,8363,412,66,86,50,9112,2841,40,195,153,1434,827,,418,1401,557,436,13,680,249,875,1117,37,1134,38,103,24,862,170,1051,813,1024,638,219,652,64,1578,61,1416,10457,236,1134,25,372,308,65,18
2020-07-15,32,1332,458,3493,8353,389,67,95,51,8217,2786,31,190,153,1454,881,,445,1369,580,447,12,543,254,875,1099,37,1142,42,110,23,923,174,1051,831,1027,561,207,667,59,1560,59,1282,10471,250,1081,19,353,295,63,17
2020-07-14,25,1362,445,3517,8145,368,66,91,48,8354,2741,23,186,153,1416,767,,449,1362,560,415,17,543,236,811,1059,29,1109,42,101,24,888,171,983,820,1017,546,235,678,69,1550,62,1222,10569,231,1127,15,332,293,59,14
2020-07-13,22,1335,439,3373,7895,378,74,93,49,8051,2600,,186,153,1362,764,,440,1308,570,386,18,543,247,932,1020,28,1040,43,98,22,892,172,953,792,949,499,246,682,67,1488,63,1120,10405,252,1129,10,331,283,63,17
2020-07-12,27,1163,412,3432,7854,324,77,95,58,7542,2512,,177,140,1342,702,,370,1243,583,392,19,505,251,883,963,26,1070,38,95,22,890,170,895,801,954,499,208,652,61,1472,53,1184,10410,276,1045,17,326,264,56,12
2020-07-11,31,1093,402,3485,7904,324,77,92,65,7186,2446,,178,122,1398,714,,370,1182,572,390,16,505,241,883,963,24,1093,31,95,20,872,158,918,799,928,499,208,646,61,1396,65,1184,10083,269,1020,18,326,264,56,12
2020-07-10,30,1201,402,3432,7896,328,77,96,58,6974,2443,,169,124,1436,667,,409,1117,632,385,15,505,227,886,981,21,1046,33,100,24,904,151,924,826,928,487,208,653,61,1438,65,1184,10002,229,1006,11,326,278,56,12
2020-07-09,28,1135,394,3437,7821,318,90,92,63,,2322,,168,120,1507,686,,457,1042,635,406,16,505,251,811,941,24,1034,30,97,22,963,154,935,851,890,453,192,650,55,1433,61,1135,9689,207,956,15,329,284,50,12
2020-07-08,30,1116,358,3421,7705,335,88,86,57,,2215,,165,118,1385,667,,453,1022,662,398,22,505,265,694,883,22,994,26,102,24,935,154,876,841,890,458,188,649,56,1404,54,1160,9610,236,971,14,318,274,48,13
2020-07-07,25,1078,369,3356,7499,335,83,90,56,,2096,,165,105,1385,655,,421,1025,621,404,22,505,267,676,885,22,989,24,109,25,903,133,849,836,849,426,191,637,55,1324,64,1112,9286,248,902,13,222,254,41,10
2020-07-06,19,1025,337,3212,7278,327,69,88,54,,1962,,151,85,1395,613,,433,964,603,403,21,505,258,740,825,20,982,22,101,25,861,129,748,817,837,391,183,598,61,1260,59,940,8698,244,783,24,248,255,41,9
2020-07-05,19,919,285,3182,7149,286,95,87,53,,1805,,141,71,1326,632,,455,926,636,409,25,548,253,739,872,20,949,22,109,25,917,119,760,832,693,391,173,592,61,1251,59,949,8181,237,792,15,305,244,27,8
2020-07-04,23,818,285,3113,7092,283,95,95,54,,1726,,134,67,1346,632,,455,852,640,410,27,548,270,740,872,20,945,22,111,25,983,121,749,844,691,391,173,589,61,1190,54,949,7890,255,808,16,315,235,25,8
2020-07-03,25,838,285,3013,7024,270,95,110,57,,1671,,146,64,1349,633,,455,852,656,422,27,548,270,716,863,17,951,20,121,31,1028,130,704,857,740,391,173,598,61,1148,58,949,7652,232,818,16,334,244,25,8
2020-07-02,18,843,272,2938,6812,270,101,120,67,,1649,,145,69,1651,644,,430,840,681,441,30,548,274,716,863,14,912,19,117,32,1027,127,662,878,724,368,173,631,67,1125,64,949,7382,229,888,21,311,236,23,9
2020-07-01,20,809,275,2876,6612,262,100,119,68,,1570,,149,75,1511,668,,427,799,760,461,29,471,260,592,786,14,901,20,120,37,1080,127,630,879,724,374,192,632,69,1160,65,955,6904,261,892,17,288,237,23,9
2020-06-30,18,775,290,2793,6466,237,98,126,64,,1459,,133,60,1560,695,,408,781,733,452,29,471,270,599,779,12,908,25,121,34,992,127,593,891,722,315,149,634,74,1021,62,886,6533,250,902,16,282,242,27,6
2020-06-29,16,726,300,2721,6179,271,99,121,72,,1359,,119,50,1501,626,,381,737,762,447,31,557,278,599,719,13,843,25,117,34,978,119,555,853,669,329,151,635,73,1032,70,839,5913,254,796,13,270,236,28,7
2020-06-28,12,650,278,2691,5956,234,103,126,78,,1236,,118,48,1464,617,,386,715,748,446,31,557,288,412,676,11,890,24,123,35,1014,114,511,869,661,329,149,648,91,954,75,800,5497,289,818,15,304,251,32,5
2020-06-27,11,655,284,2577,5790,235,106,136,83,,1178,,131,42,1516,595,,387,700,769,478,24,557,300,680,731,9,888,23,125,32,1103,122,503,908,561,329,149,651,91,908,73,705,5523,287,819,14,305,248,33,5
2020-06-26,12,668,284,2110,5639,226,127,147,78,,1184,,141,48,1516,692,,387,700,791,487,28,557,335,600,769,14,892,23,126,32,1118,128,471,951,624,308,149,661,91,906,79,741,5102,238,854,14,272,262,33,5
2020-06-25,14,694,284,2453,5522,247,122,157,93,,1135,,137,45,1626,723,,377,653,822,511,25,557,336,546,755,15,891,25,131,49,1182,135,467,996,624,277,189,704,103,881,79,741,4739,230,854,15,304,247,24,7
2020-06-24,16,683,267,2270,5399,247,124,167,85,,1124,,140,34,1614,701,,335,631,939,544,26,557,340,546,767,17,906,27,125,51,1196,149,439,1071,592,268,185,707,104,832,81,696,4389,245,886,13,234,239,24,7
2020-06-23,14,681,248,2136,5065,238,138,171,91,,1056,,163,39,1648,736,,376,646,953,561,24,557,339,595,664,15,915,28,135,54,1092,141,389,1104,570,265,184,738,105,824,85,721,4092,214,847,19,204,240,21,8
2020-06-22,13,663,237,1992,4804,249,140,155,89,,1000,,169,41,1628,756,,349,630,920,602,27,557,332,415,710,15,870,31,141,55,1033,139,373,1122,549,197,145,745,106,731,88,664,3711,198,848,8,205,246,21,8
2020-06-21,15,625,240,1942,4679,256,149,168,79,,960,,170,31,1631,744,,354,589,927,608,26,557,322,415,689,15,845,31,140,55,1105,134,370,1142,496,197,154,735,123,692,89,605,3409,222,863,11,267,243,23,8
2020-06-20,16,638,224,1938,4582,255,150,177,75,,944,,182,28,1696,768,,354,574,964,644,29,557,324,415,465,10,883,28,141,61,1125,145,370,1220,482,197,154,715,123,673,91,588,3247,232,880,9,245,239,22,8
2020-06-19,18,650,224,1832,4587,250,172,184,75,,937,,197,28,1837,773,,339,561,994,648,26,557,339,594,661,9,871,26,149,56,1177,147,370,1284,525,211,154,731,123,660,95,635,3148,237,862,8,276,241,22,8
2020-06-18,18,668,226,1667,4584,270,176,189,79,,921,,188,23,1878,754,,400,585,968,660,27,557,345,533,668,8,857,26,156,56,1258,157,357,1358,547,197,141,740,126,626,93,617,2947,282,857,11,263,241,25,8
2020-06-17,23,688,217,1582,4522,270,186,197,83,,881,,188,28,1878,789,,416,585,998,702,27,562,351,533,668,5,846,25,156,62,1352,161,360,1479,541,181,158,788,126,607,91,632,2793,270,938,5,256,247,23,7
2020-06-16,22,683,214,1506,4462,290,201,192,87,,875,,193,24,1939,860,,395,588,1045,742,30,562,357,524,668,8,829,26,160,69,1291,156,349,1538,528,172,141,800,129,571,92,621,2518,271,904,12,235,275,24,7
2020-06-15,21,641,206,1449,4323,276,203,191,88,,865,,197,23,1961,882,,383,568,1026,745,31,562,353,612,661,7,797,31,160,69,1342,161,346,1608,513,149,125,851,127,536,93,642,2326,184,902,16,197,284,25,4
2020-06-14,11,576,204,1457,4247,276,205,186,93,,829,,203,22,1914,869,,410,556,1039,751,29,636,369,647,667,6,798,35,156,70,1391,162,332,1657,511,149,133,852,141,521,87,588,2287,178,958,26,229,291,30,5
2020-06-13,12,563,203,1412,4411,262,233,197,93,,810,,200,24,2117,871,,410,542,1069,799,29,636,390,595,684,7,823,35,157,76,1395,172,351,1734,516,154,133,875,141,523,85,583,2242,236,959,11,225,285,29,5
2020-06-12,15,624,203,1336,4480,274,244,212,100,,836,,225,20,2209,906,,514,549,1143,836,32,636,403,593,710,7,760,35,164,73,1480,179,328,1898,547,154,133,899,141,512,87,608,2166,197,1026,16,226,287,29,5
2020-06-11,18,647,187,1291,4534,279,246,238,109,,842,,242,28,2365,887,,514,553,1260,902,29,661,411,537,655,7,812,32,175,81,1512,183,337,2042,563,153,130,946,146,494,87,606,2008,188,1069,12,226,306,38,7
2020-06-10,22,646,181,1274,4719,277,270,245,108,,817,,245,20,2458,894,,508,549,1345,955,27,661,427,533,655,7,780,33,181,80,1701,197,359,2190,575,150,136,992,148,513,101,624,2153,223,1155,11,238,328,24,8
2020-06-09,12,628,173,1243,4583,305,293,255,108,,834,,255,21,2573,853,,525,568,1397,970,29,661,455,533,598,5,774,32,176,78,1736,193,350,2344,639,148,145,1032,144,541,90,587,2056,230,1169,16,205,331,24,8
2020-06-08,7,593,171,1266,4506,304,324,268,113,,819,,265,23,2496,902,,486,582,1415,979,37,661,452,611,598,2,739,29,166,86,1740,183,339,2371,644,158,137,1174,146,507,92,617,1935,182,1173,13,213,322,24,7
2020-06-07,7,518,145,1252,4525,322,333,285,103,,783,,269,30,2550,913,,495,575,1442,1003,34,864,450,657,585,2,696,28,167,84,1882,177,348,2427,603,158,121,1174,182,477,87,561,1878,207,1186,14,205,308,28,4
2020-06-06,7,473,154,1278,4526,299,333,276,117,,788,,299,21,2702,926,,495,582,1529,1059,35,864,473,666,604,1,708,29,181,84,1933,176,348,2603,628,158,121,1174,182,453,93,535,1822,147,1171,16,247,315,27,4
2020-06-05,8,582,147,1234,4625,299,350,273,128,,790,,299,29,2911,924,,505,604,1533,1076,35,617,478,666,604,1,717,30,190,86,1933,175,341,2728,671,164,121,1174,182,453,83,505,1855,133,1205,14,285,355,27,4
2020-06-04,13,601,138,1079,4455,319,373,276,142,,807,,310,28,3044,979,,518,613,1637,1096,35,617,512,599,633,1,659,32,211,88,1982,170,364,2849,693,148,124,1174,185,453,86,547,1796,164,1266,13,272,355,28,4
2020-06-03,11,610,132,1092,4458,356,406,285,153,,815,,314,30,3173,1017,,488,617,1684,1109,44,646,537,571,602,1,684,34,194,97,2250,170,372,2978,704,136,112,1164,189,433,87,548,1487,150,1311,10,263,357,34,4
2020-06-02,10,606,121,1009,4393,388,434,295,157,,828,,327,34,3238,961,,481,639,1657,1148,48,674,537,693,584,1,716,34,,98,2370,182,365,3121,697,124,102,1302,188,425,89,565,1773,159,1362,10,232,388,31,7
2020-06-01,10,596,115,968,4258,394,454,302,159,,841,,339,25,3215,1041,,457,661,1747,1174,52,674,549,693,584,2,650,35,,96,2466,191,361,3331,761,154,108,1302,195,450,87,504,1756,134,1371,16,245,403,31,8
2020-05-31,14,527,115,973,4331,414,481,295,160,,853,,341,29,3296,1050,,480,678,1824,1183,49,774,555,718,570,2,649,36,,107,2497,182,336,3436,779,154,117,1352,206,402,86,463,1684,142,1458,18,266,414,33,13
2020-05-30,14,536,104,975,4215,414,533,317,174,,850,,368,30,3336,1149,,499,674,1904,1239,46,774,589,679,593,2,638,34,,105,2626,189,371,3619,806,154,131,1352,219,387,93,516,1752,139,1471,17,319,409,33,13
2020-05-29,14,590,104,931,4414,421,577,338,183,,889,,376,31,3599,1149,,494,714,1991,1296,53,774,592,650,584,2,680,36,,110,2707,193,371,3781,833,160,155,1445,219,399,95,507,1701,135,1524,14,317,423,33,13
2020-05-28,10,527,104,945,4529,464,648,343,192,,903,,383,30,3649,1131,,512,761,2112,1334,58,860,606,648,594,1,708,35,,105,2797,196,439,4010,812,181,149,1476,222,397,105,545,1692,169,1502,17,325,408,35,15
2020-05-27,14,607,108,911,4544,464,684,349,196,,907,,393,24,3826,1122,,489,798,2106,1338,59,882,598,644,547,2,702,40,,91,2761,210,435,4208,885,156,146,1493,218,398,101,501,1645,127,1459,21,241,413,36,12
2020-05-26,12,569,107,818,4404,484,694,353,201,,854,,379,19,3788,1088,,484,831,2108,1315,60,953,570,500,561,2,621,40,,91,2723,211,390,4265,937,174,149,1493,226,433,106,582,1534,134,1403,25,267,422,35,14
2020-05-25,10,450,92,833,4306,507,706,331,205,,892,,377,15,3762,1102,,484,847,2132,1279,59,953,605,729,566,3,627,41,,92,2755,216,380,4348,872,,125,1628,240,407,99,517,1511,131,1376,19,207,388,36,10
2020-05-24,10,440,86,804,4300,560,701,324,211,,848,,363,23,3667,1112,,484,813,2169,1290,59,953,553,742,512,3,587,40,,93,2857,213,373,4393,864,174,117,1533,240,461,85,526,1572,128,1351,25,313,399,23,10
2020-05-23,10,446,81,784,4342,538,724,324,210,,848,,362,19,3753,1138,,477,836,2237,1320,50,953,568,742,590,3,589,39,,93,2974,208,402,4642,858,174,102,1560,233,430,90,478,1688,165,1384,21,332,388,39,10
2020-05-22,15,598,86,796,4762,571,740,342,221,,889,,362,19,3928,1203,,475,867,2323,1329,45,955,534,711,557,3,568,39,,97,3049,206,404,4844,879,190,146,1580,242,429,83,570,1578,163,1459,16,332,416,47,10
2020-05-21,19,574,78,812,4735,620,816,336,220,,919,,376,27,4107,1166,,474,884,2396,1374,41,1054,566,697,638,3,578,39,,103,3208,205,410,5187,892,201,140,1654,254,414,91,601,1680,169,1491,14,242,398,46,8
2020-05-20,16,560,78,810,4681,613,887,336,220,,959,,381,28,3914,1288,,443,931,2518,1410,43,1066,550,546,644,3,554,38,,105,3405,206,437,5570,902,209,152,1818,257,,81,652,1791,144,1536,15,168,393,58,9
2020-05-19,16,489,78,792,4363,626,914,375,236,,986,,383,28,4002,1268,,447,1004,2472,1421,44,1079,545,721,611,5,585,32,,109,3481,204,405,5818,913,167,137,1861,247,,75,615,1732,96,1497,24,168,398,54,8
2020-05-18,9,536,77,820,4391,626,920,374,240,,1025,,382,30,4120,1244,,381,1031,2533,1447,42,1075,488,570,559,4,511,32,,114,3509,213,423,5840,912,76,137,1885,236,,77,638,1551,179,1502,22,168,379,48,8
2020-05-17,13,460,65,796,4291,650,937,369,229,,1010,,376,26,4190,1246,,381,1019,2597,1460,37,1114,487,775,608,3,493,30,,115,3411,211,423,5897,914,180,156,1821,260,,77,513,1512,181,1524,14,168,364,48,8
2020-05-16,10,455,65,791,4424,650,994,382,250,,1005,,387,19,4306,1274,,381,1028,2692,1500,37,1256,493,775,641,3,481,33,,110,3564,208,423,6220,866,180,153,1873,273,,75,515,1791,168,1505,20,331,361,55,8
2020-05-15,8,519,65,808,4519,671,1033,393,269,,1029,,387,26,4367,1294,,385,1091,2767,1496,35,1256,498,812,573,3,492,35,,115,3823,223,425,6394,944,215,161,1934,272,,80,535,1716,161,1511,17,374,356,57,8
2020-05-14,12,509,64,781,4655,685,1103,397,273,,1060,,405,19,4473,1381,,377,1193,2859,1538,37,1330,498,796,589,3,507,38,,126,3958,209,515,6706,953,217,163,1983,271,,85,599,1648,142,1533,18,365,352,52,8
2020-05-13,12,524,59,755,4545,685,1158,423,282,,1091,,388,20,4563,1336,,379,1194,3101,1550,41,1384,494,771,604,3,521,37,192,121,4226,200,522,6946,924,218,162,2012,269,,79,635,1676,158,1526,17,384,343,58,10
2020-05-12,10,529,59,765,4544,688,1189,416,276,,1125,,385,25,4626,1283,,383,1320,3127,1563,34,1384,496,787,604,4,475,38,192,117,4328,199,522,7063,1032,190,165,2187,277,,74,591,1725,166,1529,18,321,326,50,10
2020-05-11,7,458,61,717,4549,738,1212,416,275,,1133,,394,30,4319,1346,,394,1310,3102,1544,37,1424,452,824,507,4,464,34,,113,4195,207,482,7226,1011,177,164,2176,276,,78,581,1525,160,1504,14,350,340,49,12
2020-05-10,8,424,64,713,4555,573,1242,447,285,,1144,,413,25,4293,1328,,394,1324,3128,1640,36,1437,434,824,645,4,442,29,,107,4308,194,444,7262,962,177,164,2230,283,,77,484,1626,144,1555,21,335,332,49,12
2020-05-09,8,437,64,739,4538,790,1301,447,288,,1179,,402,19,4739,1361,,369,1333,3229,1665,43,1531,476,855,607,4,513,34,,112,4628,198,,7776,929,177,139,2285,292,,79,509,1735,172,1593,21,393,339,53,12
2020-05-08,16,481,70,730,4514,790,1327,447,289,,1227,,407,16,4750,1379,,356,1359,3349,1674,44,1637,473,832,632,6,515,33,,113,4605,201,,8196,1060,228,159,2342,312,,76,550,1734,216,1625,15,393,345,65,9
2020-05-07,12,502,69,766,4560,821,1385,447,285,,1309,,417,20,4862,1457,,351,1432,3436,1683,39,1697,435,917,650,6,525,35,,113,4996,197,,8665,1057,223,171,2420,318,,70,558,1750,194,1613,14,358,339,76,11
2020-05-06,8,485,69,754,4681,798,1445,447,299,,1339,,414,21,4832,1558,,347,1465,3564,1707,37,1818,443,953,618,6,516,32,,115,5221,193,,9179,1045,230,191,2545,324,,72,557,1812,,1496,26,390,298,76,11
2020-05-05,13,522,89,728,4622,792,1500,447,284,,1343,,407,27,4780,1537,,333,1512,3542,1693,36,1948,434,893,645,6,534,31,,111,5328,178,,9600,1069,236,219,2580,327,,75,520,1888,,1496,33,292,309,64,13
2020-05-04,12,517,91,703,4616,834,1488,447,281,,1377,,389,27,4493,1449,,329,1502,3539,1649,37,1948,396,858,646,6,498,31,,103,5287,181,,9647,1078,236,207,2708,339,,69,499,1533,,1463,15,263,348,73,13
2020-05-03,12,427,100,732,4734,883,1551,,284,,1410,,378,27,4701,1398,,334,1530,3617,1635,33,2100,373,896,667,5,475,31,,103,5317,164,,9786,931,236,205,2645,330,,71,510,1540,,1413,19,411,348,73,13
2020-05-02,10,420,95,718,4722,883,1592,,300,,1440,,353,23,4717,1456,,334,1545,3601,1657,36,2100,389,896,632,5,502,32,,103,5713,168,,10350,1003,236,209,2673,333,,71,474,1725,,1426,11,428,352,76,13
2020-05-01,25,495,95,709,4706,931,1592,,281,,1500,,345,28,4900,1431,,330,1607,3716,1668,37,2319,369,883,651,5,547,27,,112,5972,159,,10993,,255,208,2683,352,,69,529,1778,,1431,19,470,341,81,13
2020-04-30,19,479,95,755,4981,959,1650,,296,,,,335,36,4953,1466,,325,1601,3803,1711,35,2319,365,853,639,5,546,30,,107,6137,172,,11598,,291,243,2707,339,,76,605,1686,,1550,23,474,359,84,13
2020-04-29,14,498,93,756,5011,966,1691,,326,,,,323,39,5036,1484,,320,1629,3856,1610,32,2498,320,891,677,5,551,28,,106,6289,163,,12159,,283,227,2781,269,,69,614,1702,,1566,26,490,350,102,12
2020-04-28,16,530,104,737,4983,964,1732,,337,,,,304,41,4738,1518,,313,1666,3875,1528,33,2623,314,655,639,10,463,25,,99,6476,157,,12646,,288,249,2781,266,,69,611,1682,,1508,29,436,351,87,16
2020-04-27,10,426,109,647,4878,994,1758,402,325,,,,300,36,4672,1493,,308,1683,3892,1513,39,2667,292,679,590,11,473,23,,101,6407,155,,12819,,306,249,2800,266,,61,618,1563,,1455,33,536,335,100,16
2020-04-26,14,384,104,671,4928,1007,1766,402,317,,,,286,38,4595,1446,,301,1701,3879,1463,39,2757,285,679,644,11,451,18,,95,6573,148,,12839,,306,249,2736,258,,64,568,1542,,1436,34,508,343,100,16
2020-04-25,32,351,104,697,4847,1046,1810,402,300,,,,293,35,4699,1515,,303,1700,3879,1408,39,2889,288,850,649,11,456,17,,89,6722,152,,13524,,306,261,2748,263,,61,510,1597,,1405,37,455,341,97,16
2020-04-24,36,429,101,639,4880,1084,1877,402,277,,,,278,31,4828,,,302,1697,3847,1425,39,3022,278,877,586,12,477,17,,92,6847,152,,14258,,310,258,2746,267,,61,593,1674,,1399,32,551,356,97,16
2020-04-23,42,406,101,699,4929,1084,1947,402,290,,,,282,52,4877,,,301,1727,3851,1405,42,3611,268,884,595,13,486,18,,91,7240,123,,15021,,284,304,2750,316,,58,488,1649,,1379,44,544,349,108,
2020-04-22,39,440,97,664,4984,859,1972,402,269,,,,272,54,4665,,,286,1747,3890,1432,42,3305,240,1001,628,13,434,23,,94,7210,121,,15599,,298,302,2764,314,,62,441,1678,,1374,37,543,352,103,19
2020-04-21,42,401,86,637,4886,851,1949,402,263,,,,214,69,4776,,,263,1798,3977,1433,40,3357,237,1001,548,14,427,17,,78,7594,119,,16135,,346,297,2743,309,,65,523,1419,,1331,41,503,358,85,19
2020-04-20,46,397,93,637,4674,861,1919,402,256,,,,214,53,4599,,,274,1794,3872,,39,3374,237,873,548,19,373,17,,79,6986,116,,16103,,307,303,2701,297,,,505,1411,,1296,49,403,357,77,19
2020-04-19,37,360,88,631,4731,874,1938,313,249,,,,198,43,4314,,,274,1748,3789,,46,3403,228,875,,18,465,15,,85,7494,103,,16213,,307,290,2634,298,,,393,1471,,1319,53,586,357,72,19
2020-04-18,39,359,86,566,4936,874,1946,313,224,,,,193,53,4340,,,360,1761,3728,,49,3634,239,875,,17,388,13,,86,7718,92,,16967,,307,290,2613,293,,,593,1321,,1307,56,518,361,83,19
2020-04-17,,364,83,566,4892,843,1946,313,224,,,,183,58,4454,,,477,1868,3756,,55,3674,223,1043,,21,429,16,,74,8011,96,,17316,,325,301,2603,252,,,465,1522,,1308,32,622,361,85,19
2020-04-16,,360,85,578,5031,858,1926,313,209,,,,175,70,4423,,,412,1914,3726,,47,3809,213,1043,,21,452,14,,70,8224,90,,17735,,236,307,2512,245,,,444,1459,,1337,58,595,394,85,19
2020-04-15,,402,83,590,5163,859,1908,313,208,,,,171,66,4283,,,305,1943,3637,,48,3918,197,1024,,21,431,13,,70,8270,90,,18335,,194,305,2395,229,,,412,1538,,1298,63,645,406,82,
2020-04-14,,380,81,580,5163,878,1779,295,204,,,,163,59,4283,,,299,1977,3616,,58,3910,177,1041,,24,418,13,,72,8185,87,,18697,,194,311,2317,213,,,443,1409,,1282,64,387,441,87,
2020-04-13,,380,74,525,3015,888,1760,295,201,,,,142,62,3680,,,289,2134,3485,,22,3986,157,988,,21,313,13,,,7781,87,,18825,,383,321,2243,197,,,458,1176,,1238,33,527,431,95,
2020-04-12,,290,74,,5234,842,1654,,190,,,,129,63,3680,,,271,2084,2514,,,3636,157,988,,22,331,12,,,7604,80,282,18707,,383,295,2097,201,,,324,1338,,751,34,642,443,81,
2020-04-11,,343,86,,5236,822,1593,,190,,,,118,61,3680,,,271,2067,2507,,,3636,145,506,,21,362,10,,,7618,78,282,18654,,383,140,2115,183,,,411,1514,,1252,77,649,445,85,
2020-04-10,,350,86,,2897,841,1562,,181,,,,125,67,3680,,,271,2054,2435,,,3823,143,568,,29,423,13,,,7570,75,282,18569,,186,146,2072,169,,,561,1532,,1238,32,642,443,85,
2020-04-09,,324,73,,2825,842,1464,,201,,,,122,70,3680,,,,2014,2302,,,3826,145,568,,13,398,14,,,7363,73,282,18279,,188,146,2051,160,,,639,1439,,669,33,650,446,,
2020-04-08,,308,76,,2714,848,1308,,147,,,,122,62,3680,,,,1983,2119,,,,135,519,,,386,16,,,7026,59,282,18079,,188,156,1898,143,,,708,1491,,,35,655,351,,
2020-04-07,,302,74,,2611,833,1308,,147,,,,104,67,3680,,,,1996,1831,,,,120,508,,,354,18,,,7017,51,282,17493,,186,,1665,123,,,802,1252,,,29,641,334,,
2020-04-06,,297,74,,2509,786,1221,,101,,,,99,62,,,,,1981,1667,,,,115,439,,,270,19,,,6390,48,,16837,,161,,,109,,,834,1153,,,28,638,300,,
2020-04-05,,282,67,,2398,786,1142,,101,,,,91,51,,,,,1803,1632,,,,106,424,,,261,20,,,4000,45,,16479,,,,,103,,,637,827,,,29,581,294,,
2020-04-04,,238,72,,2300,783,1033,,95,,,,85,53,,,,,1726,1370,,,,95,413,,,271,,,,4000,37,,15905,,,,,93,,,601,196,,,29,574,279,,
2020-04-03,,238,71,,2188,777,909,,63,,,,80,45,,,,,1707,,,,,86,,,,184,,,,3016,41,,14810,,171,188,,77,,,625,196,,,29,,257,,
2020-04-02,,226,66,,1922,739,827,,56,,,,74,49,,,,,1639,,,,,75,,,,184,,,,2000,31,,13383,,182,134,,72,,,656,196,,246,29,,192,,
2020-04-01,,258,56,,1855,698,766,,51,,,,63,49,,,,,1498,,,,,54,,,,204,,,,2000,31,,12226,,174,132,,60,,,486,196,,,30,,,,
2020-03-31,,172,64,,1617,574,608,,57,,,,61,45,,,,,1355,,,,,56,,,,157,,,,2000,24,,10929,,,132,,59,,,9,196,,,21,,,,
2020-03-30,,156,62,,1432,503,517,,45,,,,51,42,,,,,1185,,,,,56,,,,137,,,,2000,22,,9517,,,132,,41,,,,,,,,,,,
2020-03-29,,158,43,,1034,358,404,,33,,,,51,35,,,,,1127,,,,,39,,,,91,,,,2000,22,,8503,,,107,,35,,,,,,,,,,,
2020-03-28,,134,48,,1034,332,205,,31,,,,46,37,,,,,927,,,,,30,,,,87,,,,2000,19,,7328,,,107,,29,,,,,,,,,,,
2020-03-27,,112,48,,746,307,173,,15,,,,32,31,,,,,773,,,,,34,,,,77,,,,2000,17,,6481,,,91,,28,,,,,,,,,,,
2020-03-26,,106,41,,,278,125,,13,,,,31,34,,,,,676,,,,,31,,,,29,,,,1080,,,5327,,,,,23,,,,,,,,,,,
2020-03-25,,91,22,,,230,113,,11,,,,23,,,,,,491,,,,,26,,,,29,,,,,,,4079,,,,,15,,,,,,,,,,,
2020-03-24,,74,22,,,152,71,,,,,,,,,,,,271,,,,,,,,,,,,,,,,3343,,,,,,,,,,,,,,,,
2020-03-23,,,13,,,116,54,,,,,,,,,,,,,,,,,,,,,,,,,,,,2629,,,,,,,,,,,,,,,,
2020-03-22,,,13,,,74,43,,,,,,,,,,,,,,,,,,,,,,,,,,,,2043,,,,,,,,,,,,,,,,
2020-03-21,,,,,,56,,,,,,,,,,,,,,,,,,,,,,,,,,,,,1436,,,,,,,,,,,,,,,,
2020-03-20,,,,,,,,,,,,,,,,,,,,,,,,,,,,,,,,,,,1042,,,,,,,,,,,,,,,,
2020-03-19,,,,,,,,,,,,,,,,,,,,,,,,,,,,,,,,,,,617,,,,,,,,,,,,,,,,
2020-03-18,,,,,,,,,,,,,,,,,,,,,,,,,,,,,,,,,,,416,,,,,,,,,,,,,,,,
2020-03-17,,,,,,,,,,,,,,,,,,,,,,,,,,,,,,,,,,,325,,,,,,,,,,,,,,,,
2020-03-16,,,,,,,,,,,,,,,,,,,,,,,,,,,,,,,,,,,,,,,,,,,,,,,,,,,
2020-03-15,,,,,,,,,,,,,,,,,,,,,,,,,,,,,,,,,,,,,,,,,,,,,,,,,,,
2020-03-14,,,,,,,,,,,,,,,,,,,,,,,,,,,,,,,,,,,,,,,,,,,,,,,,,,,
2020-03-13,,,,,,,,,,,,,,,,,,,,,,,,,,,,,,,,,,,,,,,,,,,,,,,,,,,
2020-03-12,,,,,,,,,,,,,,,,,,,,,,,,,,,,,,,,,,,,,,,,,,,,,,,,,,,
2020-03-11,,,,,,,,,,,,,,,,,,,,,,,,,,,,,,,,,,,,,,,,,,,,,,,,,,,
2020-03-10,,,,,,,,,,,,,,,,,,,,,,,,,,,,,,,,,,,,,,,,,,,,,,,,,,,
2020-03-09,,,,,,,,,,,,,,,,,,,,,,,,,,,,,,,,,,,,,,,,,,,,,,,,,,,
2020-03-08,,,,,,,,,,,,,,,,,,,,,,,,,,,,,,,,,,,,,,,,,,,,,,,,,,,
2020-03-07,,,,,,,,,,,,,,,,,,,,,,,,,,,,,,,,,,,,,,,,,,,,,,,,,,,
2020-03-06,,,,,,,,,,,,,,,,,,,,,,,,,,,,,,,,,,,,,,,,,,,,,,,,,,,
2020-03-05,,,,,,,,,,,,,,,,,,,,,,,,,,,,,,,,,,,,,,,,,,,,,,,,,,,
2020-03-04,,,,,,,,,,,,,,,,,,,,,,,,,,,,,,,,,,,,,,,,,,,,,,,,,,,
2020-03-03,,,,,,,,,,,,,,,,,,,,,,,,,,,,,,,,,,,,,,,,,,,,,,,,,,,
2020-03-02,,,,,,,,,,,,,,,,,,,,,,,,,,,,,,,,,,,,,,,,,,,,,,,,,,,
2020-03-01,,,,,,,,,,,,,,,,,,,,,,,,,,,,,,,,,,,,,,,,,,,,,,,,,,,
2020-02-29,,,,,,,,,,,,,,,,,,,,,,,,,,,,,,,,,,,,,,,,,,,,,,,,,,,
2020-02-28,,,,,,,,,,,,,,,,,,,,,,,,,,,,,,,,,,,,,,,,,,,,,,,,,,,
2020-02-27,,,,,,,,,,,,,,,,,,,,,,,,,,,,,,,,,,,,,,,,,,,,,,,,,,,
2020-02-26,,,,,,,,,,,,,,,,,,,,,,,,,,,,,,,,,,,,,,,,,,,,,,,,,,,
2020-02-25,,,,,,,,,,,,,,,,,,,,,,,,,,,,,,,,,,,,,,,,,,,,,,,,,,,
2020-02-24,,,,,,,,,,,,,,,,,,,,,,,,,,,,,,,,,,,,,,,,,,,,,,,,,,,
2020-02-23,,,,,,,,,,,,,,,,,,,,,,,,,,,,,,,,,,,,,,,,,,,,,,,,,,,
2020-02-22,,,,,,,,,,,,,,,,,,,,,,,,,,,,,,,,,,,,,,,,,,,,,,,,,,,
2020-02-21,,,,,,,,,,,,,,,,,,,,,,,,,,,,,,,,,,,,,,,,,,,,,,,,,,,
2020-02-20,,,,,,,,,,,,,,,,,,,,,,,,,,,,,,,,,,,,,,,,,,,,,,,,,,,
2020-02-19,,,,,,,,,,,,,,,,,,,,,,,,,,,,,,,,,,,,,,,,,,,,,,,,,,,
2020-02-18,,,,,,,,,,,,,,,,,,,,,,,,,,,,,,,,,,,,,,,,,,,,,,,,,,,
2020-02-17,,,,,,,,,,,,,,,,,,,,,,,,,,,,,,,,,,,,,,,,,,,,,,,,,,,
2020-02-16,,,,,,,,,,,,,,,,,,,,,,,,,,,,,,,,,,,,,,,,,,,,,,,,,,,
2020-02-15,,,,,,,,,,,,,,,,,,,,,,,,,,,,,,,,,,,,,,,,,,,,,,,,,,,
2020-02-14,,,,,,,,,,,,,,,,,,,,,,,,,,,,,,,,,,,,,,,,,,,,,,,,,,,
2020-02-13,,,,,,,,,,,,,,,,,,,,,,,,,,,,,,,,,,,,,,,,,,,,,,,,,,,
2020-02-12,,,,,,,,,,,,,,,,,,,,,,,,,,,,,,,,,,,,,,,,,,,,,,,,,,,
2020-02-11,,,,,,,,,,,,,,,,,,,,,,,,,,,,,,,,,,,,,,,,,,,,,,,,,,,
2020-02-10,,,,,,,,,,,,,,,,,,,,,,,,,,,,,,,,,,,,,,,,,,,,,,,,,,,
2020-02-09,,,,,,,,,,,,,,,,,,,,,,,,,,,,,,,,,,,,,,,,,,,,,,,,,,,
2020-02-08,,,,,,,,,,,,,,,,,,,,,,,,,,,,,,,,,,,,,,,,,,,,,,,,,,,
2020-02-07,,,,,,,,,,,,,,,,,,,,,,,,,,,,,,,,,,,,,,,,,,,,,,,,,,,
2020-02-06,,,,,,,,,,,,,,,,,,,,,,,,,,,,,,,,,,,,,,,,,,,,,,,,,,,
2020-02-05,,,,,,,,,,,,,,,,,,,,,,,,,,,,,,,,,,,,,,,,,,,,,,,,,,,
2020-02-04,,,,,,,,,,,,,,,,,,,,,,,,,,,,,,,,,,,,,,,,,,,,,,,,,,,
2020-02-03,,,,,,,,,,,,,,,,,,,,,,,,,,,,,,,,,,,,,,,,,,,,,,,,,,,
2020-02-02,,,,,,,,,,,,,,,,,,,,,,,,,,,,,,,,,,,,,,,,,,,,,,,,,,,
2020-02-01,,,,,,,,,,,,,,,,,,,,,,,,,,,,,,,,,,,,,,,,,,,,,,,,,,,
2020-01-31,,,,,,,,,,,,,,,,,,,,,,,,,,,,,,,,,,,,,,,,,,,,,,,,,,,
2020-01-30,,,,,,,,,,,,,,,,,,,,,,,,,,,,,,,,,,,,,,,,,,,,,,,,,,,
2020-01-29,,,,,,,,,,,,,,,,,,,,,,,,,,,,,,,,,,,,,,,,,,,,,,,,,,,
2020-01-28,,,,,,,,,,,,,,,,,,,,,,,,,,,,,,,,,,,,,,,,,,,,,,,,,,,
2020-01-27,,,,,,,,,,,,,,,,,,,,,,,,,,,,,,,,,,,,,,,,,,,,,,,,,,,
2020-01-26,,,,,,,,,,,,,,,,,,,,,,,,,,,,,,,,,,,,,,,,,,,,,,,,,,,
2020-01-25,,,,,,,,,,,,,,,,,,,,,,,,,,,,,,,,,,,,,,,,,,,,,,,,,,,
2020-01-24,,,,,,,,,,,,,,,,,,,,,,,,,,,,,,,,,,,,,,,,,,,,,,,,,,,
2020-01-23,,,,,,,,,,,,,,,,,,,,,,,,,,,,,,,,,,,,,,,,,,,,,,,,,,,
2020-01-22,,,,,,,,,,,,,,,,,,,,,,,,,,,,,,,,,,,,,,,,,,,,,,,,,,,
